,data,times
0,3.0,2013-01-01 09:00:00
1,1.1556938857278267,2013-01-01 09:00:01
2,4.487983540829581,2013-01-01 09:00:02
3,6.452482795685289,2013-01-01 09:00:03
4,0.07612046748871149,2013-01-01 09:00:04
5,0.9669391967790774,2013-01-01 09:00:05
6,1.737322985793849,2013-01-01 09:00:06
7,5.480700572694652,2013-01-01 09:00:07
8,3.707106781186545,2013-01-01 09:00:08
9,1.6125012943071078,2013-01-01 09:00:09
10,3.5385763934891026,2013-01-01 09:00:10
11,0.3664051447431755,2013-01-01 09:00:11
12,3.617316567634912,2013-01-01 09:00:12
13,-1.805800796859641,2013-01-01 09:00:13
14,3.7263215007833073,2013-01-01 09:00:14
15,1.9829232834712645,2013-01-01 09:00:15
16,-9.001153973733046e-15,2013-01-01 09:00:16
17,2.017076716528733,2013-01-01 09:00:17
18,1.2736784992166803,2013-01-01 09:00:18
19,3.805800796859643,2013-01-01 09:00:19
20,3.3826834323650745,2013-01-01 09:00:20
21,4.633594855256824,2013-01-01 09:00:21
22,-1.5385763934890857,2013-01-01 09:00:22
23,0.3874987056928959,2013-01-01 09:00:23
24,2.2928932188134556,2013-01-01 09:00:24
25,3.5192994273053566,2013-01-01 09:00:25
26,4.262677014206166,2013-01-01 09:00:26
27,6.0330608032209225,2013-01-01 09:00:27
28,2.9238795325113096,2013-01-01 09:00:28
29,-0.4524827956852957,2013-01-01 09:00:29
30,0.5120164591704148,2013-01-01 09:00:30
31,4.844306114272166,2013-01-01 09:00:31
32,1.999999999999983,2013-01-01 09:00:32
33,3.609672979002352,2013-01-01 09:00:33
34,4.0978028967973055,2013-01-01 09:00:34
35,7.395276269337285,2013-01-01 09:00:35
36,0.9238795325112928,2013-01-01 09:00:36
37,2.8808198682434933,2013-01-01 09:00:37
38,1.8484634518330707,2013-01-01 09:00:38
39,4.2846662920355305,2013-01-01 09:00:39
40,0.29289321881343033,2013-01-01 09:00:40
41,0.6221318409627234,2013-01-01 09:00:41
42,1.8756371688839946,2013-01-01 09:00:42
43,3.785835790234255,2013-01-01 09:00:43
44,2.382683432365077,2013-01-01 09:00:44
45,3.958041731837064,2013-01-01 09:00:45
46,5.687892061589756,2013-01-01 09:00:46
47,3.2517098517985588,2013-01-01 09:00:47
48,2.0000000000000093,2013-01-01 09:00:48
49,0.7482901482014686,2013-01-01 09:00:49
50,-1.6878920615898165,2013-01-01 09:00:50
51,5.041958268162928,2013-01-01 09:00:51
52,-1.3826834323651207,2013-01-01 09:00:52
53,5.214164209765748,2013-01-01 09:00:53
54,5.124362831115988,2013-01-01 09:00:54
55,2.377868159037293,2013-01-01 09:00:55
56,0.7071067811865808,2013-01-01 09:00:56
57,3.715333707964463,2013-01-01 09:00:57
58,0.1515365481668406,2013-01-01 09:00:58
59,2.1191801317565035,2013-01-01 09:00:59
60,4.076120467488723,2013-01-01 09:01:00
61,0.6047237306627142,2013-01-01 09:01:01
62,1.9021971032026392,2013-01-01 09:01:02
63,3.3903270209976344,2013-01-01 09:01:03
64,4.999999999999965,2013-01-01 09:01:04
65,0.15569388572782894,2013-01-01 09:01:05
66,2.487983540829571,2013-01-01 09:01:06
67,5.452482795685285,2013-01-01 09:01:07
68,2.076120467488761,2013-01-01 09:01:08
69,1.966939196779073,2013-01-01 09:01:09
70,0.73732298579388,2013-01-01 09:01:10
71,3.480700572694648,2013-01-01 09:01:11
72,5.707106781186557,2013-01-01 09:01:12
73,-0.38749870569288547,2013-01-01 09:01:13
74,5.53857639348917,2013-01-01 09:01:14
75,1.3664051447431742,2013-01-01 09:01:15
76,4.617316567634886,2013-01-01 09:01:16
77,0.19419920314034478,2013-01-01 09:01:17
78,3.726321500783307,2013-01-01 09:01:18
79,1.982923283471259,2013-01-01 09:01:19
80,4.999999999999918,2013-01-01 09:01:20
81,3.0170767165287433,2013-01-01 09:01:21
82,4.273678499216611,2013-01-01 09:01:22
83,4.805800796859643,2013-01-01 09:01:23
84,2.382683432365103,2013-01-01 09:01:24
85,0.6335948552568214,2013-01-01 09:01:25
86,3.4614236065108446,2013-01-01 09:01:26
87,2.3874987056929093,2013-01-01 09:01:27
88,0.2928932188134338,2013-01-01 09:01:28
89,-0.4807005726946516,2013-01-01 09:01:29
90,6.262677014206004,2013-01-01 09:01:30
91,1.033060803220926,2013-01-01 09:01:31
92,6.923879532511338,2013-01-01 09:01:32
93,3.547517204314717,2013-01-01 09:01:33
94,1.5120164591704393,2013-01-01 09:01:34
95,4.844306114272174,2013-01-01 09:01:35
96,1.0000000000000195,2013-01-01 09:01:36
97,3.6096729790023465,2013-01-01 09:01:37
98,-0.9021971032025438,2013-01-01 09:01:38
99,5.395276269337281,2013-01-01 09:01:39
100,4.923879532511381,2013-01-01 09:01:40
101,2.8808198682434867,2013-01-01 09:01:41
102,4.848463451832894,2013-01-01 09:01:42
103,4.2846662920355545,2013-01-01 09:01:43
104,4.29289321881341,2013-01-01 09:01:44
105,-0.37786815903729565,2013-01-01 09:01:45
106,-0.12436283111597424,2013-01-01 09:01:46
107,1.7858357902342505,2013-01-01 09:01:47
108,2.3826834323651083,2013-01-01 09:01:48
109,2.9580417318370653,2013-01-01 09:01:49
110,3.6878920615897313,2013-01-01 09:01:50
111,4.251709851798535,2013-01-01 09:01:51
112,3.000000000000112,2013-01-01 09:01:52
113,3.748290148201413,2013-01-01 09:01:53
114,2.312107938410301,2013-01-01 09:01:54
115,3.041958268162937,2013-01-01 09:01:55
116,3.6173165676350907,2013-01-01 09:01:56
117,3.2141642097657437,2013-01-01 09:01:57
118,5.124362831116019,2013-01-01 09:01:58
119,7.377868159037287,2013-01-01 09:01:59
120,4.707106781186562,2013-01-01 09:02:00
121,-0.2846662920355225,2013-01-01 09:02:01
122,4.151536548166874,2013-01-01 09:02:02
123,2.11918013175651,2013-01-01 09:02:03
124,0.07612046748881174,2013-01-01 09:02:04
125,0.6047237306627204,2013-01-01 09:02:05
126,5.902197103202574,2013-01-01 09:02:06
127,6.3903270209976615,2013-01-01 09:02:07
128,1.9999999999999314,2013-01-01 09:02:08
129,3.155693885727775,2013-01-01 09:02:09
130,-0.5120164591704045,2013-01-01 09:02:10
131,3.4524827956852886,2013-01-01 09:02:11
132,2.0761204674887344,2013-01-01 09:02:12
133,2.9669391967790824,2013-01-01 09:02:13
134,2.737322985793783,2013-01-01 09:02:14
135,5.480700572694607,2013-01-01 09:02:15
136,5.707106781186625,2013-01-01 09:02:16
137,-0.38749870569286515,2013-01-01 09:02:17
138,5.538576393489203,2013-01-01 09:02:18
139,3.3664051447431813,2013-01-01 09:02:19
140,2.61731656763486,2013-01-01 09:02:20
141,-2.8058007968596375,2013-01-01 09:02:21
142,-0.2736784992166711,2013-01-01 09:02:22
143,0.982923283471264,2013-01-01 09:02:23
144,2.0000000000000306,2013-01-01 09:02:24
145,5.017076716528769,2013-01-01 09:02:25
146,0.2736784992166329,2013-01-01 09:02:26
147,7.805800796859631,2013-01-01 09:02:27
148,4.382683432364969,2013-01-01 09:02:28
149,0.6335948552568287,2013-01-01 09:02:29
150,3.461423606511015,2013-01-01 09:02:30
151,0.3874987056929301,2013-01-01 09:02:31
152,1.2928932188134121,2013-01-01 09:02:32
153,1.5192994273053402,2013-01-01 09:02:33
154,5.2626770142059085,2013-01-01 09:02:34
155,2.033060803220923,2013-01-01 09:02:35
156,1.9238795325113118,2013-01-01 09:02:36
157,0.5475172043147385,2013-01-01 09:02:37
158,1.5120164591703629,2013-01-01 09:02:38
159,3.8443061142721504,2013-01-01 09:02:39
160,0.9999999999998432,2013-01-01 09:02:40
161,-0.39032702099767025,2013-01-01 09:02:41
162,4.097802896797391,2013-01-01 09:02:42
163,2.395276269337287,2013-01-01 09:02:43
164,2.9238795325114695,2013-01-01 09:02:44
165,4.880819868243494,2013-01-01 09:02:45
166,2.8484634518330676,2013-01-01 09:02:46
167,1.284666292035569,2013-01-01 09:02:47
168,4.292893218813472,2013-01-01 09:02:48
169,-0.3778681590372761,2013-01-01 09:02:49
170,-0.12436283111581314,2013-01-01 09:02:50
171,3.7858357902342643,2013-01-01 09:02:51
172,4.3826834323652,2013-01-01 09:02:52
173,1.958041731837075,2013-01-01 09:02:53
174,2.6878920615896593,2013-01-01 09:02:54
175,1.2517098517985743,2013-01-01 09:02:55
176,-5.5832133409024135e-14,2013-01-01 09:02:56
177,1.7482901482013886,2013-01-01 09:02:57
178,1.3121079384102292,2013-01-01 09:02:58
179,3.041958268162931,2013-01-01 09:02:59
180,2.6173165676351817,2013-01-01 09:03:00
181,2.2141642097657566,2013-01-01 09:03:01
182,1.1243628311159206,2013-01-01 09:03:02
183,6.377868159037256,2013-01-01 09:03:03
184,5.707106781186622,2013-01-01 09:03:04
185,-1.2846662920355465,2013-01-01 09:03:05
186,1.1515365481670476,2013-01-01 09:03:06
187,-0.880819868243483,2013-01-01 09:03:07
188,1.076120467488667,2013-01-01 09:03:08
189,0.6047237306627258,2013-01-01 09:03:09
190,0.9021971032026811,2013-01-01 09:03:10
191,5.390327020997601,2013-01-01 09:03:11
192,5.000000000000039,2013-01-01 09:03:12
193,2.155693885727752,2013-01-01 09:03:13
194,1.4879835408295192,2013-01-01 09:03:14
195,6.45248279568531,2013-01-01 09:03:15
196,-1.9238795325116254,2013-01-01 09:03:16
197,2.9669391967790664,2013-01-01 09:03:17
198,2.737322985793686,2013-01-01 09:03:18
199,2.480700572694632,2013-01-01 09:03:19
200,2.707106781186694,2013-01-01 09:03:20
201,3.612501294307101,2013-01-01 09:03:21
202,6.538576393489374,2013-01-01 09:03:22
203,5.366405144743176,2013-01-01 09:03:23
204,1.617316567635156,2013-01-01 09:03:24
205,-2.8058007968596486,2013-01-01 09:03:25
206,4.726321500783074,2013-01-01 09:03:26
207,0.9829232834712481,2013-01-01 09:03:27
208,4.999999999999846,2013-01-01 09:03:28
209,4.017076716528795,2013-01-01 09:03:29
210,0.27367849921674725,2013-01-01 09:03:30
211,4.805800796859621,2013-01-01 09:03:31
212,1.3826834323650512,2013-01-01 09:03:32
213,3.633594855256832,2013-01-01 09:03:33
214,2.4614236065109107,2013-01-01 09:03:34
215,3.3874987056928427,2013-01-01 09:03:35
216,1.2928932188134805,2013-01-01 09:03:36
217,3.519299427305299,2013-01-01 09:03:37
218,2.2626770142060675,2013-01-01 09:03:38
219,3.033060803220959,2013-01-01 09:03:39
220,4.923879532511396,2013-01-01 09:03:40
221,2.5475172043147256,2013-01-01 09:03:41
222,3.5120164591702867,2013-01-01 09:03:42
223,4.844306114272189,2013-01-01 09:03:43
224,2.0000000000002354,2013-01-01 09:03:44
225,-0.3903270209976434,2013-01-01 09:03:45
226,0.0978028967971517,2013-01-01 09:03:46
227,4.395276269337284,2013-01-01 09:03:47
228,4.9238795325110924,2013-01-01 09:03:48
229,3.8808198682435,2013-01-01 09:03:49
230,-0.15153654816675877,2013-01-01 09:03:50
231,5.284666292035545,2013-01-01 09:03:51
232,3.2928932188136932,2013-01-01 09:03:52
233,-1.3778681590372566,2013-01-01 09:03:53
234,0.8756371688840884,2013-01-01 09:03:54
235,4.785835790234278,2013-01-01 09:03:55
236,1.3826834323650505,2013-01-01 09:03:56
237,2.9580417318370844,2013-01-01 09:03:57
238,6.6878920615897774,2013-01-01 09:03:58
239,6.251709851798486,2013-01-01 09:03:59
240,1.0000000000000466,2013-01-01 09:04:00
241,2.7482901482014914,2013-01-01 09:04:01
242,0.3121079384101574,2013-01-01 09:04:02
243,1.0419582681629405,2013-01-01 09:04:03
244,3.617316567635032,2013-01-01 09:04:04
245,2.214164209765806,2013-01-01 09:04:05
246,2.124362831115822,2013-01-01 09:04:06
247,3.3778681590372743,2013-01-01 09:04:07
248,3.707106781186683,2013-01-01 09:04:08
249,-1.284666292035532,2013-01-01 09:04:09
250,1.151536548167221,2013-01-01 09:04:10
251,4.119180131756506,2013-01-01 09:04:11
252,3.0761204674889884,2013-01-01 09:04:12
253,0.6047237306627131,2013-01-01 09:04:13
254,0.9021971032027886,2013-01-01 09:04:14
255,3.3903270209976286,2013-01-01 09:04:15
256,3.9999999999998628,2013-01-01 09:04:16
257,4.15569388572779,2013-01-01 09:04:17
258,4.487983540829242,2013-01-01 09:04:18
259,1.4524827956852628,2013-01-01 09:04:19
260,-1.9238795325113194,2013-01-01 09:04:20
261,3.9669391967791023,2013-01-01 09:04:21
262,0.7373229857938448,2013-01-01 09:04:22
263,5.48070057269459,2013-01-01 09:04:23
264,1.7071067811865819,2013-01-01 09:04:24
265,4.612501294307176,2013-01-01 09:04:25
266,5.538576393488994,2013-01-01 09:04:26
267,4.3664051447431715,2013-01-01 09:04:27
268,1.617316567635023,2013-01-01 09:04:28
269,-2.805800796859631,2013-01-01 09:04:29
270,-0.27367849921644216,2013-01-01 09:04:30
271,3.982923283471274,2013-01-01 09:04:31
272,2.573188123479961e-13,2013-01-01 09:04:32
273,2.0170767165287375,2013-01-01 09:04:33
274,0.2736784992164929,2013-01-01 09:04:34
275,5.805800796859638,2013-01-01 09:04:35
276,3.382683432364918,2013-01-01 09:04:36
277,4.633594855256827,2013-01-01 09:04:37
278,0.4614236065105308,2013-01-01 09:04:38
279,3.3874987056929173,2013-01-01 09:04:39
280,4.292893218813369,2013-01-01 09:04:40
281,3.519299427305391,2013-01-01 09:04:41
282,3.2626770142062256,2013-01-01 09:04:42
283,1.0330608032208906,2013-01-01 09:04:43
284,2.923879532511258,2013-01-01 09:04:44
285,2.547517204314678,2013-01-01 09:04:45
286,2.512016459170411,2013-01-01 09:04:46
287,4.844306114272104,2013-01-01 09:04:47
288,3.000000000000059,2013-01-01 09:04:48
289,0.6096729790023836,2013-01-01 09:04:49
290,4.097802896797606,2013-01-01 09:04:50
291,5.395276269337271,2013-01-01 09:04:51
292,-0.0761204674885867,2013-01-01 09:04:52
293,5.880819868243489,2013-01-01 09:04:53
294,2.8484634518328558,2013-01-01 09:04:54
295,2.284666292035521,2013-01-01 09:04:55
296,4.292893218813273,2013-01-01 09:04:56
297,2.6221318409627115,2013-01-01 09:04:57
298,2.8756371688837303,2013-01-01 09:04:58
299,1.7858357902342556,2013-01-01 09:04:59
300,2.3826834323649013,2013-01-01 09:05:00
301,-1.041958268162936,2013-01-01 09:05:01
302,4.687892061589515,2013-01-01 09:05:02
303,5.251709851798653,2013-01-01 09:05:03
304,0.9999999999998791,2013-01-01 09:05:04
305,-1.251709851798596,2013-01-01 09:05:05
306,1.3121079384102754,2013-01-01 09:05:06
307,6.04195826816292,2013-01-01 09:05:07
308,0.6173165676353644,2013-01-01 09:05:08
309,5.2141642097657135,2013-01-01 09:05:09
310,2.1243628311159832,2013-01-01 09:05:10
311,7.377868159037242,2013-01-01 09:05:11
312,3.7071067811865834,2013-01-01 09:05:12
313,3.715333707964521,2013-01-01 09:05:13
314,4.151536548167394,2013-01-01 09:05:14
315,-0.8808198682435049,2013-01-01 09:05:15
316,4.076120467488844,2013-01-01 09:05:16
317,0.6047237306627191,2013-01-01 09:05:17
318,4.90219710320255,2013-01-01 09:05:18
319,4.390327020997568,2013-01-01 09:05:19
320,1.9999999999996865,2013-01-01 09:05:20
321,0.15569388572782783,2013-01-01 09:05:21
322,-0.5120164591706334,2013-01-01 09:05:22
323,5.452482795685352,2013-01-01 09:05:23
324,2.0761204674885434,2013-01-01 09:05:24
325,1.966939196779086,2013-01-01 09:05:25
326,-1.2626770142059964,2013-01-01 09:05:26
327,6.4807005726946825,2013-01-01 09:05:27
328,1.707106781186831,2013-01-01 09:05:28
329,4.612501294307035,2013-01-01 09:05:29
330,4.538576393489166,2013-01-01 09:05:30
331,3.3664051447431826,2013-01-01 09:05:31
332,3.61731656763489,2013-01-01 09:05:32
333,0.19419920314033012,2013-01-01 09:05:33
334,0.7263215007829347,2013-01-01 09:05:34
335,4.9829232834713,2013-01-01 09:05:35
336,1.000000000000072,2013-01-01 09:05:36
337,5.017076716528763,2013-01-01 09:05:37
338,5.273678499216607,2013-01-01 09:05:38
339,3.8058007968595993,2013-01-01 09:05:39
340,2.382683432364785,2013-01-01 09:05:40
341,2.633594855256822,2013-01-01 09:05:41
342,0.4614236065107017,2013-01-01 09:05:42
343,2.387498705692776,2013-01-01 09:05:43
344,4.292893218813617,2013-01-01 09:05:44
345,3.5192994273054827,2013-01-01 09:05:45
346,2.2626770142063846,2013-01-01 09:05:46
347,5.033060803220926,2013-01-01 09:05:47
348,4.923879532511564,2013-01-01 09:05:48
349,3.547517204314768,2013-01-01 09:05:49
350,5.512016459170536,2013-01-01 09:05:50
351,4.844306114272142,2013-01-01 09:05:51
352,1.9999999999998825,2013-01-01 09:05:52
353,3.609672979002324,2013-01-01 09:05:53
354,3.0978028967970204,2013-01-01 09:05:54
355,5.3952762693372955,2013-01-01 09:05:55
356,1.9238795325112685,2013-01-01 09:05:56
357,4.880819868243513,2013-01-01 09:05:57
358,-0.1515365481669706,2013-01-01 09:05:58
359,6.284666292035574,2013-01-01 09:05:59
360,1.2928932188138151,2013-01-01 09:06:00
361,-0.3778681590373201,2013-01-01 09:06:01
362,2.8756371688838915,2013-01-01 09:06:02
363,3.7858357902343043,2013-01-01 09:06:03
364,4.382683432365233,2013-01-01 09:06:04
365,-1.0419582681629571,2013-01-01 09:06:05
366,6.687892061590013,2013-01-01 09:06:06
367,5.251709851798566,2013-01-01 09:06:07
368,3.0000000000002514,2013-01-01 09:06:08
369,-1.2517098517984298,2013-01-01 09:06:09
370,3.312107938410393,2013-01-01 09:06:10
371,5.0419582681629285,2013-01-01 09:06:11
372,-0.3826834323652659,2013-01-01 09:06:12
373,2.214164209765762,2013-01-01 09:06:13
374,2.124362831115625,2013-01-01 09:06:14
375,7.377868159037211,2013-01-01 09:06:15
376,3.707106781186484,2013-01-01 09:06:16
377,-1.2846662920355028,2013-01-01 09:06:17
378,3.1515365481675675,2013-01-01 09:06:18
379,-0.8808198682435158,2013-01-01 09:06:19
380,5.0761204674887,2013-01-01 09:06:20
381,1.6047237306627062,2013-01-01 09:06:21
382,5.90219710320231,2013-01-01 09:06:22
383,5.390327020997508,2013-01-01 09:06:23
384,6.000000000000078,2013-01-01 09:06:24
385,0.155693885727743,2013-01-01 09:06:25
386,0.4879835408290891,2013-01-01 09:06:26
387,4.452482795685306,2013-01-01 09:06:27
388,3.07612046748885,2013-01-01 09:06:28
389,0.9669391967791218,2013-01-01 09:06:29
390,0.7373229857941622,2013-01-01 09:06:30
391,4.480700572694642,2013-01-01 09:06:31
392,3.7071067811859963,2013-01-01 09:06:32
393,1.612501294307001,2013-01-01 09:06:33
394,3.5385763934893357,2013-01-01 09:06:34
395,5.366405144743177,2013-01-01 09:06:35
396,0.6173165676351855,2013-01-01 09:06:36
397,1.1941992031402908,2013-01-01 09:06:37
398,-0.27367849921658205,2013-01-01 09:06:38
399,1.9829232834712425,2013-01-01 09:06:39
400,5.000000000000484,2013-01-01 09:06:40
401,0.01707671652878906,2013-01-01 09:06:41
402,0.2736784992167218,2013-01-01 09:06:42
403,2.805800796859617,2013-01-01 09:06:43
404,4.382683432364652,2013-01-01 09:06:44
405,-0.3664051447431835,2013-01-01 09:06:45
406,1.4614236065108726,2013-01-01 09:06:46
407,4.387498705692958,2013-01-01 09:06:47
408,2.292893218813867,2013-01-01 09:06:48
409,-0.48070057269442523,2013-01-01 09:06:49
410,2.262677014206032,2013-01-01 09:06:50
411,2.033060803220962,2013-01-01 09:06:51
412,1.9238795325118705,2013-01-01 09:06:52
413,0.547517204314721,2013-01-01 09:06:53
414,5.512016459170258,2013-01-01 09:06:54
415,4.844306114272058,2013-01-01 09:06:55
416,-2.939399910208283e-13,2013-01-01 09:06:56
417,-1.3903270209976495,2013-01-01 09:06:57
418,1.0978028967978208,2013-01-01 09:06:58
419,2.395276269337301,2013-01-01 09:06:59
420,-0.0761204674888758,2013-01-01 09:07:00
421,4.880819868243503,2013-01-01 09:07:01
422,3.8484634518326444,2013-01-01 09:07:02
423,6.284666292035627,2013-01-01 09:07:03
424,1.2928932188133944,2013-01-01 09:07:04
425,0.6221318409627501,2013-01-01 09:07:05
426,1.8756371688835332,2013-01-01 09:07:06
427,-0.21416420976578837,2013-01-01 09:07:07
428,1.3826834323650836,2013-01-01 09:07:08
429,2.958041731837052,2013-01-01 09:07:09
430,4.687892061590131,2013-01-01 09:07:10
431,4.251709851798605,2013-01-01 09:07:11
432,2.000000000000084,2013-01-01 09:07:12
433,-0.2517098517983902,2013-01-01 09:07:13
434,2.312107938410511,2013-01-01 09:07:14
435,2.0419582681629382,2013-01-01 09:07:15
436,3.6173165676350654,2013-01-01 09:07:16
437,2.2141642097658103,2013-01-01 09:07:17
438,5.124362831115266,2013-01-01 09:07:18
439,3.3778681590372814,2013-01-01 09:07:19
440,4.707106781186705,2013-01-01 09:07:20
441,3.7153337079645503,2013-01-01 09:07:21
442,1.1515365481671824,2013-01-01 09:07:22
443,0.11918013175650854,2013-01-01 09:07:23
444,0.07612046748902035,2013-01-01 09:07:24
445,1.6047237306627307,2013-01-01 09:07:25
446,5.902197103202765,2013-01-01 09:07:26
447,1.3903270209976224,2013-01-01 09:07:27
448,5.000000000000471,2013-01-01 09:07:28
449,1.1556938857276582,2013-01-01 09:07:29
450,3.487983540829616,2013-01-01 09:07:30
451,1.452482795685258,2013-01-01 09:07:31
452,2.0761204674891554,2013-01-01 09:07:32
453,1.966939196779054,2013-01-01 09:07:33
454,0.7373229857938094,2013-01-01 09:07:34
455,6.480700572694733,2013-01-01 09:07:35
456,0.7071067811862456,2013-01-01 09:07:36
457,4.612501294307076,2013-01-01 09:07:37
458,6.538576393488956,2013-01-01 09:07:38
459,2.366405144743156,2013-01-01 09:07:39
460,5.617316567634624,2013-01-01 09:07:40
461,-0.8058007968596346,2013-01-01 09:07:41
462,1.7263215007831636,2013-01-01 09:07:42
463,1.9829232834711852,2013-01-01 09:07:43
464,4.000000000000895,2013-01-01 09:07:44
465,1.0170767165287318,2013-01-01 09:07:45
466,4.273678499216468,2013-01-01 09:07:46
467,2.8058007968595775,2013-01-01 09:07:47
468,1.3826834323649477,2013-01-01 09:07:48
469,-0.36640514474317215,2013-01-01 09:07:49
470,-1.5385763934895071,2013-01-01 09:07:50
471,4.387498705692817,2013-01-01 09:07:51
472,4.2928932188133935,2013-01-01 09:07:52
473,3.5192994273051337,2013-01-01 09:07:53
474,4.262677014206702,2013-01-01 09:07:54
475,2.033060803220894,2013-01-01 09:07:55
476,6.923879532511289,2013-01-01 09:07:56
477,0.5475172043146732,2013-01-01 09:07:57
478,0.5120164591699814,2013-01-01 09:07:58
479,1.8443061142722188,2013-01-01 09:07:59
480,3.000000000000098,2013-01-01 09:08:00
481,1.6096729790022908,2013-01-01 09:08:01
482,3.0978028967975817,2013-01-01 09:08:02
483,4.3952762693372875,2013-01-01 09:08:03
484,0.9238795325114454,2013-01-01 09:08:04
485,4.8808198682434565,2013-01-01 09:08:05
486,4.848463451833376,2013-01-01 09:08:06
487,5.284666292035527,2013-01-01 09:08:07
488,2.292893218813616,2013-01-01 09:08:08
489,2.6221318409628207,2013-01-01 09:08:09
490,2.875637168883175,2013-01-01 09:08:10
491,0.7858357902342604,2013-01-01 09:08:11
492,3.382683432365415,2013-01-01 09:08:12
493,3.958041731837031,2013-01-01 09:08:13
494,2.687892061589869,2013-01-01 09:08:14
495,4.251709851798517,2013-01-01 09:08:15
496,4.563054412764731e-13,2013-01-01 09:08:16
497,-0.2517098517984778,2013-01-01 09:08:17
498,1.3121079384102492,2013-01-01 09:08:18
499,6.041958268162977,2013-01-01 09:08:19
500,3.617316567634436,2013-01-01 09:08:20
501,4.214164209765718,2013-01-01 09:08:21
502,1.1243628311159473,2013-01-01 09:08:22
503,7.3778681590373525,2013-01-01 09:08:23
504,3.7071067811869267,2013-01-01 09:08:24
505,-1.2846662920355505,2013-01-01 09:08:25
506,5.151536548166797,2013-01-01 09:08:26
507,2.119180131756533,2013-01-01 09:08:27
508,5.07612046748841,2013-01-01 09:08:28
509,0.6047237306627173,2013-01-01 09:08:29
510,3.9021971032025258,2013-01-01 09:08:30
511,6.390327020997736,2013-01-01 09:08:31
512,1.9999999999997258,2013-01-01 09:08:32
513,2.1556938857278194,2013-01-01 09:08:33
514,0.4879835408293388,2013-01-01 09:08:34
515,3.452482795685211,2013-01-01 09:08:35
516,-0.9238795325105386,2013-01-01 09:08:36
517,-1.0330608032209103,2013-01-01 09:08:37
518,1.7373229857934567,2013-01-01 09:08:38
519,6.480700572694825,2013-01-01 09:08:39
520,2.7071067811864946,2013-01-01 09:08:40
521,3.6125012943071497,2013-01-01 09:08:41
522,6.538576393488577,2013-01-01 09:08:42
523,0.36640514474316715,2013-01-01 09:08:43
524,5.617316567634919,2013-01-01 09:08:44
525,1.1941992031403261,2013-01-01 09:08:45
526,2.726321500783647,2013-01-01 09:08:46
527,2.982923283471294,2013-01-01 09:08:47
528,3.0000000000001132,2013-01-01 09:08:48
529,5.017076716528675,2013-01-01 09:08:49
530,0.2736784992162131,2013-01-01 09:08:50
531,5.805800796859653,2013-01-01 09:08:51
532,1.382683432365243,2013-01-01 09:08:52
533,4.633594855256839,2013-01-01 09:08:53
534,2.4614236065112145,2013-01-01 09:08:54
535,5.387498705692891,2013-01-01 09:08:55
536,2.292893218813642,2013-01-01 09:08:56
537,3.5192994273052256,2013-01-01 09:08:57
538,4.262677014206349,2013-01-01 09:08:58
539,6.0330608032209305,2013-01-01 09:08:59
540,6.923879532510707,2013-01-01 09:09:00
541,2.547517204314763,2013-01-01 09:09:01
542,5.512016459170509,2013-01-01 09:09:02
543,3.844306114272134,2013-01-01 09:09:03
544,1.00000000000049,2013-01-01 09:09:04
545,-1.3903270209977694,2013-01-01 09:09:05
546,-0.9021971032026572,2013-01-01 09:09:06
547,6.395276269337276,2013-01-01 09:09:07
548,-0.07612046748823353,2013-01-01 09:09:08
549,2.8808198682434805,2013-01-01 09:09:09
550,1.8484634518329908,2013-01-01 09:09:10
551,1.2846662920355796,2013-01-01 09:09:11
552,-0.7071067811868047,2013-01-01 09:09:12
553,1.6221318409626866,2013-01-01 09:09:13
554,0.8756371688838556,2013-01-01 09:09:14
555,-0.21416420976569084,2013-01-01 09:09:15
556,2.382683432365747,2013-01-01 09:09:16
557,3.9580417318370715,2013-01-01 09:09:17
558,5.687892061589607,2013-01-01 09:09:18
559,6.251709851798429,2013-01-01 09:09:19
560,1.9999999999997489,2013-01-01 09:09:20
561,0.7482901482014347,2013-01-01 09:09:21
562,1.312107938409987,2013-01-01 09:09:22
563,1.0419582681629571,2013-01-01 09:09:23
564,-0.38268343236523283,2013-01-01 09:09:24
565,0.21416420976576644,2013-01-01 09:09:25
566,3.124362831116628,2013-01-01 09:09:26
567,2.377868159037218,2013-01-01 09:09:27
568,2.707106781186506,2013-01-01 09:09:28
569,2.715333707964503,2013-01-01 09:09:29
570,2.151536548166412,2013-01-01 09:09:30
571,0.11918013175655706,2013-01-01 09:09:31
572,4.076120467488732,2013-01-01 09:09:32
573,-1.395276269337295,2013-01-01 09:09:33
574,5.902197103202287,2013-01-01 09:09:34
575,3.390327020997676,2013-01-01 09:09:35
576,4.000000000000118,2013-01-01 09:09:36
577,1.1556938857277346,2013-01-01 09:09:37
578,-0.5120164591701342,2013-01-01 09:09:38
579,3.4524827956853006,2013-01-01 09:09:39
580,3.076120467487992,2013-01-01 09:09:40
581,-1.033060803220978,2013-01-01 09:09:41
582,2.737322985793104,2013-01-01 09:09:42
583,5.4807005726946505,2013-01-01 09:09:43
584,0.7071067811867437,2013-01-01 09:09:44
585,-0.3874987056927758,2013-01-01 09:09:45
586,1.538576393489298,2013-01-01 09:09:46
587,3.366405144743178,2013-01-01 09:09:47
588,5.617316567635215,2013-01-01 09:09:48
589,0.1941992031404005,2013-01-01 09:09:49
590,0.7263215007833925,2013-01-01 09:09:50
591,3.9829232834712367,2013-01-01 09:09:51
592,0.9999999999993312,2013-01-01 09:09:52
593,1.0170767165287833,2013-01-01 09:09:53
594,5.273678499216697,2013-01-01 09:09:54
595,2.805800796859613,2013-01-01 09:09:55
596,3.3826834323655386,2013-01-01 09:09:56
597,2.63359485525685,2013-01-01 09:09:57
598,2.4614236065108344,2013-01-01 09:09:58
599,4.387498705692966,2013-01-01 09:09:59
600,3.2928932188131697,2013-01-01 09:10:00
601,2.5192994273053175,2013-01-01 09:10:01
602,5.262677014205996,2013-01-01 09:10:02
603,1.0330608032209656,2013-01-01 09:10:03
604,4.923879532511901,2013-01-01 09:10:04
605,1.547517204314853,2013-01-01 09:10:05
606,4.512016459171035,2013-01-01 09:10:06
607,2.844306114272295,2013-01-01 09:10:07
608,-2.5470177499718593e-13,2013-01-01 09:10:08
609,3.6096729790023447,2013-01-01 09:10:09
610,3.097802896797104,2013-01-01 09:10:10
611,6.395276269337299,2013-01-01 09:10:11
612,4.923879532511156,2013-01-01 09:10:12
613,5.880819868243505,2013-01-01 09:10:13
614,-0.1515365481673947,2013-01-01 09:10:14
615,1.2846662920356327,2013-01-01 09:10:15
616,-0.7071067811859415,2013-01-01 09:10:16
617,-2.377868159037447,2013-01-01 09:10:17
618,-0.12436283111546387,2013-01-01 09:10:18
619,0.7858357902342165,2013-01-01 09:10:19
620,3.382683432365117,2013-01-01 09:10:20
621,3.95804173183705,2013-01-01 09:10:21
622,5.687892061590104,2013-01-01 09:10:22
623,5.251709851798596,2013-01-01 09:10:23
624,3.0000000000001212,2013-01-01 09:10:24
625,1.7482901482013466,2013-01-01 09:10:25
626,2.312107938409725,2013-01-01 09:10:26
627,5.041958268162876,2013-01-01 09:10:27
628,2.6173165676341372,2013-01-01 09:10:28
629,1.214164209765674,2013-01-01 09:10:29
630,4.12436283111627,2013-01-01 09:10:30
631,3.3778681590372885,2013-01-01 09:10:31
632,3.7071067811867278,2013-01-01 09:10:32
633,3.7153337079645556,2013-01-01 09:10:33
634,4.151536548167144,2013-01-01 09:10:34
635,1.119180131756511,2013-01-01 09:10:35
636,4.076120467489052,2013-01-01 09:10:36
637,1.604723730662692,2013-01-01 09:10:37
638,3.9021971032020475,2013-01-01 09:10:38
639,2.3903270209974425,2013-01-01 09:10:39
640,4.999999999999373,2013-01-01 09:10:40
641,0.15569388572789578,2013-01-01 09:10:41
642,0.4879835408295886,2013-01-01 09:10:42
643,4.452482795685253,2013-01-01 09:10:43
644,0.076120467489186,2013-01-01 09:10:44
645,-1.033060803220839,2013-01-01 09:10:45
646,-1.2626770142052028,2013-01-01 09:10:46
647,2.480700572694476,2013-01-01 09:10:47
648,4.70710678118627,2013-01-01 09:10:48
649,4.612501294307083,2013-01-01 09:10:49
650,1.538576393488918,2013-01-01 09:10:50
651,2.3664051447431573,2013-01-01 09:10:51
652,1.6173165676346537,2013-01-01 09:10:52
653,1.1941992031403617,2013-01-01 09:10:53
654,1.726321500783138,2013-01-01 09:10:54
655,4.982923283471179,2013-01-01 09:10:55
656,9.36574964036129e-13,2013-01-01 09:10:56
657,1.017076716528892,2013-01-01 09:10:57
658,1.2736784992171795,2013-01-01 09:10:58
659,5.805800796859687,2013-01-01 09:10:59
660,1.3826834323649773,2013-01-01 09:11:00
661,-0.366405144743171,2013-01-01 09:11:01
662,2.4614236065104547,2013-01-01 09:11:02
663,1.3874987056928243,2013-01-01 09:11:03
664,1.2928932188134183,2013-01-01 09:11:04
665,3.51929942730541,2013-01-01 09:11:05
666,1.2626770142056436,2013-01-01 09:11:06
667,1.0330608032210014,2013-01-01 09:11:07
668,2.923879532512207,2013-01-01 09:11:08
669,-0.45248279568519423,2013-01-01 09:11:09
670,0.5120164591707581,2013-01-01 09:11:10
671,1.8443061142722104,2013-01-01 09:11:11
672,1.0000000000001372,2013-01-01 09:11:12
673,-0.39032702099771543,2013-01-01 09:11:13
674,0.09780289679755783,2013-01-01 09:11:14
675,4.395276269337287,2013-01-01 09:11:15
676,-0.07612046748852253,2013-01-01 09:11:16
677,0.8808198682435292,2013-01-01 09:11:17
678,3.84846345183222,2013-01-01 09:11:18
679,1.2846662920356855,2013-01-01 09:11:19
680,4.2928932188129965,2013-01-01 09:11:20
681,1.6221318409626233,2013-01-01 09:11:21
682,-0.12436283111582203,2013-01-01 09:11:22
683,1.7858357902342654,2013-01-01 09:11:23
684,5.382683432365448,2013-01-01 09:11:24
685,2.95804173183703,2013-01-01 09:11:25
686,6.687892061590603,2013-01-01 09:11:26
687,4.251709851798762,2013-01-01 09:11:27
688,4.000000000000494,2013-01-01 09:11:28
689,15.0,2013-01-01 09:11:29
690,2.312107938409463,2013-01-01 09:11:30
691,3.0419582681628556,2013-01-01 09:11:31
692,2.6173165676344685,2013-01-01 09:11:32
693,0.2141642097657226,2013-01-01 09:11:33
694,2.1243628311159117,2013-01-01 09:11:34
695,2.377868159037359,2013-01-01 09:11:35
696,19.0,2013-01-01 09:11:36
697,1.7153337079646083,2013-01-01 09:11:37
698,4.151536548167876,2013-01-01 09:11:38
699,4.1191801317564645,2013-01-01 09:11:39
700,4.076120467488442,2013-01-01 09:11:40
701,2.604723730662716,2013-01-01 09:11:41
702,2.902197103202502,2013-01-01 09:11:42
703,3.3903270209977308,2013-01-01 09:11:43
704,3.999999999999765,2013-01-01 09:11:44
705,3.155693885727811,2013-01-01 09:11:45
706,1.4879835408293114,2013-01-01 09:11:46
707,4.452482795685206,2013-01-01 09:11:47
708,1.0761204674894924,2013-01-01 09:11:48
709,1.96693919677899,2013-01-01 09:11:49
710,-0.2626770142055558,2013-01-01 09:11:50
711,2.480700572694568,2013-01-01 09:11:51
712,18.0,2013-01-01 09:11:52
713,0.612501294307157,2013-01-01 09:11:53
714,2.538576393488538,2013-01-01 09:11:54
715,3.366405144743168,2013-01-01 09:11:55
716,3.617316567634949,2013-01-01 09:11:56
717,-1.8058007968596779,2013-01-01 09:11:57
718,-0.2736784992171162,2013-01-01 09:11:58
719,1.9829232834711221,2013-01-01 09:11:59
720,5.000000000001348,2013-01-01 09:12:00
721,5.017076716528835,2013-01-01 09:12:01
722,3.2736784992169254,2013-01-01 09:12:02
723,6.805800796859648,2013-01-01 09:12:03
724,-0.6173165676347272,2013-01-01 09:12:04
725,3.63359485525684,2013-01-01 09:12:05
726,3.461423606510075,2013-01-01 09:12:06
727,2.3874987056928987,2013-01-01 09:12:07
728,2.2928932188136675,2013-01-01 09:12:08
729,1.5192994273055012,2013-01-01 09:12:09
730,5.262677014205291,2013-01-01 09:12:10
731,1.033060803221037,2013-01-01 09:12:11
732,19.0,2013-01-01 09:12:12
733,-1.4524827956852415,2013-01-01 09:12:13
734,3.5120164591704808,2013-01-01 09:12:14
735,3.8443061142721255,2013-01-01 09:12:15
736,3.0000000000005294,2013-01-01 09:12:16
737,1.6096729790022248,2013-01-01 09:12:17
738,0.0978028967980118,2013-01-01 09:12:18
739,7.395276269337311,2013-01-01 09:12:19
740,-0.07612046748913248,2013-01-01 09:12:20
741,0.880819868243483,2013-01-01 09:12:21
742,0.8484634518329521,2013-01-01 09:12:22
743,2.2846662920355847,2013-01-01 09:12:23
744,2.292893218813217,2013-01-01 09:12:24
745,-0.3778681590373061,2013-01-01 09:12:25
746,2.87563716888382,2013-01-01 09:12:26
747,0.785835790234314,2013-01-01 09:12:27
748,6.382683432365781,2013-01-01 09:12:28
749,2.958041731837009,2013-01-01 09:12:29
750,3.68789206159034,2013-01-01 09:12:30
751,3.251709851798675,2013-01-01 09:12:31
752,-2.1400945733048143e-13,2013-01-01 09:12:32
753,2.7482901482014257,2013-01-01 09:12:33
754,0.31210793840996054,2013-01-01 09:12:34
755,5.041958268163015,2013-01-01 09:12:35
756,1.6173165676338386,2013-01-01 09:12:36
757,3.21416420976563,2013-01-01 09:12:37
758,1.1243628311165919,2013-01-01 09:12:38
759,18.0,2013-01-01 09:12:39
760,2.7071067811865284,2013-01-01 09:12:40
761,-1.2846662920354923,2013-01-01 09:12:41
762,1.1515365481663733,2013-01-01 09:12:42
763,1.1191801317565595,2013-01-01 09:12:43
764,4.0761204674896945,2013-01-01 09:12:44
765,17.0,2013-01-01 09:12:45
766,1.9021971032015697,2013-01-01 09:12:46
767,1.3903270209976704,2013-01-01 09:12:47
768,1.000000000000157,2013-01-01 09:12:48
769,2.155693885727726,2013-01-01 09:12:49
770,2.4879835408290334,2013-01-01 09:12:50
771,1.4524827956851585,2013-01-01 09:12:51
772,-0.9238795325102018,2013-01-01 09:12:52
773,2.966939196779025,2013-01-01 09:12:53
774,3.737322985794091,2013-01-01 09:12:54
775,6.48070057269466,2013-01-01 09:12:55
776,3.7071067811867686,2013-01-01 09:12:56
777,3.612501294307231,2013-01-01 09:12:57
778,6.5385763934881584,2013-01-01 09:12:58
779,2.366405144743147,2013-01-01 09:12:59
780,1.6173165676343877,2013-01-01 09:13:00
781,-2.8058007968596033,2013-01-01 09:13:01
782,1.726321500783367,2013-01-01 09:13:02
783,3.982923283471231,2013-01-01 09:13:03
784,-1.821285808926914e-12,2013-01-01 09:13:04
785,0.017076716528943825,2013-01-01 09:13:05
786,1.2736784992174086,2013-01-01 09:13:06
787,2.8058007968597227,2013-01-01 09:13:07
788,4.382683432364711,2013-01-01 09:13:08
789,-0.3664051447431812,2013-01-01 09:13:09
790,0.4614236065107966,2013-01-01 09:13:10
791,4.387498705692973,2013-01-01 09:13:11
792,3.2928932188139166,2013-01-01 09:13:12
793,-1.4807005726944067,2013-01-01 09:13:13
794,2.2626770142049377,2013-01-01 09:13:14
795,2.0330608032210726,2013-01-01 09:13:15
796,5.9238795325110445,2013-01-01 09:13:16
797,-0.4524827956852888,2013-01-01 09:13:17
798,2.512016459170203,2013-01-01 09:13:18
799,3.8443061142720403,2013-01-01 09:13:19
800,9.214048182426166e-13,2013-01-01 09:13:20
801,3.609672979002165,2013-01-01 09:13:21
802,4.097802896797773,2013-01-01 09:13:22
803,6.395276269337298,2013-01-01 09:13:23
804,0.9238795325111884,2013-01-01 09:13:24
805,4.880819868243507,2013-01-01 09:13:25
806,-0.15153654816743312,2013-01-01 09:13:26
807,5.284666292035638,2013-01-01 09:13:27
808,0.2928932188127968,2013-01-01 09:13:28
809,2.62213184096256,2013-01-01 09:13:29
810,0.8756371688845003,2013-01-01 09:13:30
811,3.7858357902342217,2013-01-01 09:13:31
812,6.38268343236515,2013-01-01 09:13:32
813,3.958041731837048,2013-01-01 09:13:33
814,3.6878920615893187,2013-01-01 09:13:34
815,1.2517098517983334,2013-01-01 09:13:35
816,4.000000000001238,2013-01-01 09:13:36
817,-1.2517098517989158,2013-01-01 09:13:37
818,-0.6878920615910611,2013-01-01 09:13:38
819,5.041958268162934,2013-01-01 09:13:39
820,1.6173165676351322,2013-01-01 09:13:40
821,4.21416420976582,2013-01-01 09:13:41
822,5.124362831115195,2013-01-01 09:13:42
823,3.3778681590375,2013-01-01 09:13:43
824,3.7071067811873917,2013-01-01 09:13:44
825,3.7153337079644073,2013-01-01 09:13:45
826,0.15153654816710538,2013-01-01 09:13:46
827,-0.8808198682434866,2013-01-01 09:13:47
828,5.076120467489085,2013-01-01 09:13:48
829,1.6047237306626907,2013-01-01 09:13:49
830,1.902197103202024,2013-01-01 09:13:50
831,2.390327020997784,2013-01-01 09:13:51
832,3.999999999999412,2013-01-01 09:13:52
833,1.1556938857278873,2013-01-01 09:13:53
834,1.487983540829561,2013-01-01 09:13:54
835,3.452482795685248,2013-01-01 09:13:55
836,-0.9238795325125589,2013-01-01 09:13:56
837,-0.033060803221042434,2013-01-01 09:13:57
838,0.7373229857947617,2013-01-01 09:13:58
839,5.480700572694484,2013-01-01 09:13:59
840,4.707106781186296,2013-01-01 09:14:00
841,-0.38749870569290956,2013-01-01 09:14:01
842,4.53857639348888,2013-01-01 09:14:02
843,2.366405144743191,2013-01-01 09:14:03
844,1.61731656763554,2013-01-01 09:14:04
845,0.19419920314024353,2013-01-01 09:14:05
846,1.7263215007823751,2013-01-01 09:14:06
847,2.982923283471008,2013-01-01 09:14:07
848,-2.1593670521601462e-13,2013-01-01 09:14:08
849,0.017076716528720337,2013-01-01 09:14:09
850,1.2736784992164165,2013-01-01 09:14:10
851,2.80580079685957,2013-01-01 09:14:11
852,2.382683432365864,2013-01-01 09:14:12
853,-0.36640514474313735,2013-01-01 09:14:13
854,-1.5385763934884813,2013-01-01 09:14:14
855,3.3874987056928316,2013-01-01 09:14:15
856,-0.7071067811865568,2013-01-01 09:14:16
857,3.519299427305419,2013-01-01 09:14:17
858,6.262677014205608,2013-01-01 09:14:18
859,3.0330608032210047,2013-01-01 09:14:19
860,4.923879532510462,2013-01-01 09:14:20
861,1.547517204314801,2013-01-01 09:14:21
862,5.512016459170731,2013-01-01 09:14:22
863,3.844306114272202,2013-01-01 09:14:23
864,2.0000000000001767,2013-01-01 09:14:24
865,1.6096729790026267,2013-01-01 09:14:25
866,2.097802896798227,2013-01-01 09:14:26
867,4.395276269337323,2013-01-01 09:14:27
868,-0.0761204674894217,2013-01-01 09:14:28
869,2.880819868243461,2013-01-01 09:14:29
870,3.8484634518332994,2013-01-01 09:14:30
871,2.284666292035537,2013-01-01 09:14:31
872,3.2928932188136604,2013-01-01 09:14:32
873,2.6221318409628354,2013-01-01 09:14:33
874,0.8756371688831033,2013-01-01 09:14:34
875,18.0,2013-01-01 09:14:35
876,2.382683432366444,2013-01-01 09:14:36
877,3.9580417318370875,2013-01-01 09:14:37
878,2.6878920615898165,2013-01-01 09:14:38
879,1.2517098517984997,2013-01-01 09:14:39
880,4.000000000000531,2013-01-01 09:14:40
881,2.7482901482012503,2013-01-01 09:14:41
882,1.3121079384094365,2013-01-01 09:14:42
883,2.0419582681629738,2013-01-01 09:14:43
884,0.617316567634502,2013-01-01 09:14:44
885,3.2141642097657277,2013-01-01 09:14:45
886,0.12436283111587565,2013-01-01 09:14:46
887,5.377868159037366,2013-01-01 09:14:47
888,5.707106781186972,2013-01-01 09:14:48
889,0.715333707964307,2013-01-01 09:14:49
890,4.1515365481678375,2013-01-01 09:14:50
891,2.119180131756467,2013-01-01 09:14:51
892,3.0761204674884746,2013-01-01 09:14:52
893,-2.395276269337285,2013-01-01 09:14:53
894,4.902197103202478,2013-01-01 09:14:54
895,2.3903270209975505,2013-01-01 09:14:55
896,2.000000000000941,2013-01-01 09:14:56
897,3.1556938857275565,2013-01-01 09:14:57
898,0.4879835408284787,2013-01-01 09:14:58
899,3.4524827956850643,2013-01-01 09:14:59
900,2.076120467488635,2013-01-01 09:15:00
901,3.9669391967790966,2013-01-01 09:15:01
902,2.737322985793386,2013-01-01 09:15:02
903,3.4807005726948437,2013-01-01 09:15:03
904,5.707106781187267,2013-01-01 09:15:04
905,-0.3874987056926197,2013-01-01 09:15:05
906,2.5385763934896017,2013-01-01 09:15:06
907,1.3664051447431693,2013-01-01 09:15:07
908,4.617316567634979,2013-01-01 09:15:08
909,-1.8058007968596814,2013-01-01 09:15:09
910,1.7263215007828583,2013-01-01 09:15:10
911,4.982923283471116,2013-01-01 09:15:11
912,1.999999999999002,2013-01-01 09:15:12
913,4.0170767165288295,2013-01-01 09:15:13
914,1.2736784992169001,2013-01-01 09:15:14
915,6.805800796859645,2013-01-01 09:15:15
916,2.3826834323653023,2013-01-01 09:15:16
917,-0.36640514474322394,2013-01-01 09:15:17
918,2.4614236065122403,2013-01-01 09:15:18
919,4.387498705692691,2013-01-01 09:15:19
920,4.29289321881297,2013-01-01 09:15:20
921,3.519299427305244,2013-01-01 09:15:21
922,3.262677014206279,2013-01-01 09:15:22
923,6.033060803220938,2013-01-01 09:15:23
924,6.923879532511656,2013-01-01 09:15:24
925,1.5475172043146168,2013-01-01 09:15:25
926,1.5120164591696486,2013-01-01 09:15:26
927,1.8443061142718706,2013-01-01 09:15:27
928,1.7054758804024852e-12,2013-01-01 09:15:28
929,0.6096729790023925,2013-01-01 09:15:29
930,0.09780289679729481,2013-01-01 09:15:30
931,2.395276269337273,2013-01-01 09:15:31
932,1.9238795325118307,2013-01-01 09:15:32
933,3.880819868243556,2013-01-01 09:15:33
934,-0.15153654816820383,2013-01-01 09:15:34
935,1.2846662920354366,2013-01-01 09:15:35
936,3.2928932188132394,2013-01-01 09:15:36
937,-2.377868159037299,2013-01-01 09:15:37
938,-0.12436283111621615,2013-01-01 09:15:38
939,1.785835790234319,2013-01-01 09:15:39
940,1.3826834323658135,2013-01-01 09:15:40
941,-1.041958268162873,2013-01-01 09:15:41
942,2.6878920615903144,2013-01-01 09:15:42
943,2.2517098517986662,2013-01-01 09:15:43
944,2.9999999999998233,2013-01-01 09:15:44
945,-0.2517098517985831,2013-01-01 09:15:45
946,1.312107938411454,2013-01-01 09:15:46
947,6.041958268163013,2013-01-01 09:15:47
948,3.6173165676338717,2013-01-01 09:15:48
949,3.214164209765635,2013-01-01 09:15:49
950,2.1243628311165557,2013-01-01 09:15:50
951,7.377868159037232,2013-01-01 09:15:51
952,0.7071067811865503,2013-01-01 09:15:52
953,-0.28466629203548677,2013-01-01 09:15:53
954,1.1515365481663347,2013-01-01 09:15:54
955,2.119180131756562,2013-01-01 09:15:55
956,1.076120467489727,2013-01-01 09:15:56
957,1.6047237306626654,2013-01-01 09:15:57
958,1.9021971032029321,2013-01-01 09:15:58
959,5.390327020997664,2013-01-01 09:15:59
960,1.0000000000001963,2013-01-01 09:16:00
961,4.155693885727717,2013-01-01 09:16:01
962,3.4879835408290054,2013-01-01 09:16:02
963,3.452482795685154,2013-01-01 09:16:03
964,3.076120467488053,2013-01-01 09:16:04
965,3.966939196779029,2013-01-01 09:16:05
966,-0.2626770142059438,2013-01-01 09:16:06
967,1.4807005726946687,2013-01-01 09:16:07
968,4.707106781186794,2013-01-01 09:16:08
969,3.6125012943072385,2013-01-01 09:16:09
970,5.538576393490324,2013-01-01 09:16:10
971,4.366405144743148,2013-01-01 09:16:11
972,4.6173165676344174,2013-01-01 09:16:12
973,-0.8058007968596073,2013-01-01 09:16:13
974,4.726321500783342,2013-01-01 09:16:14
975,3.982923283471225,2013-01-01 09:16:15
976,4.0000000000006075,2013-01-01 09:16:16
977,0.017076716528605762,2013-01-01 09:16:17
978,1.2736784992159076,2013-01-01 09:16:18
979,5.805800796859491,2013-01-01 09:16:19
980,2.3826834323664547,2013-01-01 09:16:20
981,4.6335948552568205,2013-01-01 09:16:21
982,1.4614236065107589,2013-01-01 09:16:22
983,4.38749870569298,2013-01-01 09:16:23
984,0.29289321881394137,2013-01-01 09:16:24
985,-1.4807005726943976,2013-01-01 09:16:25
986,5.262677014204903,2013-01-01 09:16:26
987,19.0,2013-01-01 09:16:27
988,3.9238795325110747,2013-01-01 09:16:28
989,1.5475172043147065,2013-01-01 09:16:29
990,4.512016459170176,2013-01-01 09:16:30
991,0.844306114272032,2013-01-01 09:16:31
992,-0.9999999999990393,2013-01-01 09:16:32
993,-0.3903270209974934,2013-01-01 09:16:33
994,1.0978028967977491,2013-01-01 09:16:34
995,3.3952762693372973,2013-01-01 09:16:35
996,3.9238795325112203,2013-01-01 09:16:36
997,0.8808198682435098,2013-01-01 09:16:37
998,2.8484634518347636,2013-01-01 09:16:38
999,2.284666292035336,2013-01-01 09:16:39
1000,3.292893218812819,2013-01-01 09:16:40
1001,-1.377868159037433,2013-01-01 09:16:41
1002,3.8756371688844644,2013-01-01 09:16:42
1003,2.785835790234226,2013-01-01 09:16:43
1004,5.382683432365184,2013-01-01 09:16:44
1005,-1.041958268162954,2013-01-01 09:16:45
1006,3.6878920615892925,2013-01-01 09:16:46
1007,3.2517098517983247,2013-01-01 09:16:47
1008,2.000000000001276,2013-01-01 09:16:48
1009,1.7482901482010755,2013-01-01 09:16:49
1010,2.312107938410432,2013-01-01 09:16:50
1011,5.041958268162933,2013-01-01 09:16:51
1012,1.6173165676351653,2013-01-01 09:16:52
1013,5.2141642097658245,2013-01-01 09:16:53
1014,0.12436283111515922,2013-01-01 09:16:54
1015,4.377868159037507,2013-01-01 09:16:55
1016,0.7071067811861298,2013-01-01 09:16:56
1017,-1.2846662920355874,2013-01-01 09:16:57
1018,3.151536548167067,2013-01-01 09:16:58
1019,3.119180131756516,2013-01-01 09:16:59
1020,5.076120467489117,2013-01-01 09:17:00
1021,-2.39527626933731,2013-01-01 09:17:01
1022,4.9021971032033855,2013-01-01 09:17:02
1023,4.390327020997779,2013-01-01 09:17:03
1024,5.999999999999451,2013-01-01 09:17:04
1025,2.155693885727879,2013-01-01 09:17:05
1026,0.4879835408295329,2013-01-01 09:17:06
1027,4.452482795685244,2013-01-01 09:17:07
1028,3.076120467489247,2013-01-01 09:17:08
1029,2.966939196779168,2013-01-01 09:17:09
1030,0.7373229857926804,2013-01-01 09:17:10
1031,1.4807005726950275,2013-01-01 09:17:11
1032,4.707106781187765,2013-01-01 09:17:12
1033,2.6125012943070978,2013-01-01 09:17:13
1034,6.5385763934888415,2013-01-01 09:17:14
1035,4.366405144743192,2013-01-01 09:17:15
1036,5.617316567635569,2013-01-01 09:17:16
1037,-1.8058007968597602,2013-01-01 09:17:17
1038,3.72632150078235,2013-01-01 09:17:18
1039,-0.017076716528665936,2013-01-01 09:17:19
1040,1.9999999999998255,2013-01-01 09:17:20
1041,1.0170767165287147,2013-01-01 09:17:21
1042,1.2736784992163912,2013-01-01 09:17:22
1043,3.805800796859566,2013-01-01 09:17:23
1044,-0.6173165676341067,2013-01-01 09:17:24
1045,-0.3664051447432014,2013-01-01 09:17:25
1046,3.4614236065114805,2013-01-01 09:17:26
1047,2.387498705692839,2013-01-01 09:17:27
1048,2.292893218813468,2013-01-01 09:17:28
1049,3.5192994273054277,2013-01-01 09:17:29
1050,1.262677014205573,2013-01-01 09:17:30
1051,2.0330608032208013,2013-01-01 09:17:31
1052,4.923879532510493,2013-01-01 09:17:32
1053,-1.4524827956852038,2013-01-01 09:17:33
1054,1.5120164591707026,2013-01-01 09:17:34
1055,0.8443061142721933,2013-01-01 09:17:35
1056,2.000000000000216,2013-01-01 09:17:36
1057,-0.3903270209977273,2013-01-01 09:17:37
1058,3.097802896796817,2013-01-01 09:17:38
1059,4.395276269337248,2013-01-01 09:17:39
1060,0.9238795325124731,2013-01-01 09:17:40
1061,0.8808198682436046,2013-01-01 09:17:41
1062,0.8484634518332606,2013-01-01 09:17:42
1063,5.284666292035543,2013-01-01 09:17:43
1064,0.29289321881368224,2013-01-01 09:17:44
1065,-0.377868159037158,2013-01-01 09:17:45
1066,-0.12436283111693247,2013-01-01 09:17:46
1067,2.7858357902344166,2013-01-01 09:17:47
1068,6.382683432364553,2013-01-01 09:17:48
1069,1.9580417318370857,2013-01-01 09:17:49
1070,1.68789206158979,2013-01-01 09:17:50
1071,5.251709851798491,2013-01-01 09:17:51
1072,3.0000000000005684,2013-01-01 09:17:52
1073,0.7482901482012418,2013-01-01 09:17:53
1074,1.31210793841093,2013-01-01 09:17:54
1075,6.041958268162972,2013-01-01 09:17:55
1076,-0.38268343236546487,2013-01-01 09:17:56
1077,4.214164209765732,2013-01-01 09:17:57
1078,3.12436283111584,2013-01-01 09:17:58
1079,3.3778681590369644,2013-01-01 09:17:59
1080,2.707106781185709,2013-01-01 09:18:00
1081,0.7153337079643118,2013-01-01 09:18:01
1082,2.151536548167799,2013-01-01 09:18:02
1083,2.11918013175647,2013-01-01 09:18:03
1084,5.076120467488507,2013-01-01 09:18:04
1085,1.6047237306627138,2013-01-01 09:18:05
1086,3.902197103202454,2013-01-01 09:18:06
1087,3.3903270209975442,2013-01-01 09:18:07
1088,2.00000000000098,2013-01-01 09:18:08
1089,1.1556938857275476,2013-01-01 09:18:09
1090,3.4879835408284507,2013-01-01 09:18:10
1091,5.4524827956853334,2013-01-01 09:18:11
1092,1.0761204674886655,2013-01-01 09:18:12
1093,1.9669391967791006,2013-01-01 09:18:13
1094,1.7373229857933508,2013-01-01 09:18:14
1095,4.480700572694853,2013-01-01 09:18:15
1096,1.7071067811872918,2013-01-01 09:18:16
1097,-0.38749870569304357,2013-01-01 09:18:17
1098,4.5385763934895635,2013-01-01 09:18:18
1099,2.3664051447431707,2013-01-01 09:18:19
1100,0.6173165676350083,2013-01-01 09:18:20
1101,-2.8058007968596854,2013-01-01 09:18:21
1102,2.7263215007828325,2013-01-01 09:18:22
1103,-0.017076716528557134,2013-01-01 09:18:23
1104,0.9999999999990432,2013-01-01 09:18:24
1105,0.017076716528823366,2013-01-01 09:18:25
1106,2.2736784992168744,2013-01-01 09:18:26
1107,3.80580079685964,2013-01-01 09:18:27
1108,4.382683432365332,2013-01-01 09:18:28
1109,-0.36640514474315755,2013-01-01 09:18:29
1110,-0.5385763934900014,2013-01-01 09:18:30
1111,4.387498705693129,2013-01-01 09:18:31
1112,0.2928932188144395,2013-01-01 09:18:32
1113,2.519299427305786,2013-01-01 09:18:33
1114,3.2626770142062433,2013-01-01 09:18:34
1115,6.033060803220941,2013-01-01 09:18:35
1116,3.923879532511687,2013-01-01 09:18:36
1117,2.547517204314612,2013-01-01 09:18:37
1118,2.5120164591696206,2013-01-01 09:18:38
1119,4.844306114271863,2013-01-01 09:18:39
1120,2.999999999999471,2013-01-01 09:18:40
1121,-0.3903270209976134,2013-01-01 09:18:41
1122,2.097802896797271,2013-01-01 09:18:42
1123,4.395276269337272,2013-01-01 09:18:43
1124,2.923879532511863,2013-01-01 09:18:44
1125,5.880819868243559,2013-01-01 09:18:45
1126,0.8484634518339926,2013-01-01 09:18:46
1127,5.284666292035442,2013-01-01 09:18:47
1128,0.2928932188132617,2013-01-01 09:18:48
1129,0.6221318409627079,2013-01-01 09:18:49
1130,2.875637168883748,2013-01-01 09:18:50
1131,1.7858357902343238,2013-01-01 09:18:51
1132,5.3826834323639225,2013-01-01 09:18:52
1133,1.9580417318371248,2013-01-01 09:18:53
1134,3.687892061590288,2013-01-01 09:18:54
1135,5.2517098517986565,2013-01-01 09:18:55
1136,1.9999999999998608,2013-01-01 09:18:56
1137,18.0,2013-01-01 09:18:57
1138,-0.6878920615900916,2013-01-01 09:18:58
1139,2.0419582681628903,2013-01-01 09:18:59
1140,1.6173165676358292,2013-01-01 09:19:00
1141,5.214164209765922,2013-01-01 09:19:01
1142,1.1243628311144427,2013-01-01 09:19:02
1143,2.3778681590372392,2013-01-01 09:19:03
1144,2.7071067811865728,2013-01-01 09:19:04
1145,3.7153337079645183,2013-01-01 09:19:05
1146,1.151536548166296,2013-01-01 09:19:06
1147,3.119180131756565,2013-01-01 09:19:07
1148,4.076120467489759,2013-01-01 09:19:08
1149,2.6047237306627378,2013-01-01 09:19:09
1150,2.902197103202908,2013-01-01 09:19:10
1151,1.3903270209976584,2013-01-01 09:19:11
1152,5.000000000000235,2013-01-01 09:19:12
1153,1.1556938857277088,2013-01-01 09:19:13
1154,1.4879835408289783,2013-01-01 09:19:14
1155,1.4524827956854236,2013-01-01 09:19:15
1156,2.076120467488084,2013-01-01 09:19:16
1157,-1.0330608032209674,2013-01-01 09:19:17
1158,0.7373229857940209,2013-01-01 09:19:18
1159,2.480700572694678,2013-01-01 09:19:19
1160,4.707106781185374,2013-01-01 09:19:20
1161,1.6125012943068149,2013-01-01 09:19:21
1162,1.5385763934902859,2013-01-01 09:19:22
1163,1.3664051447431491,2013-01-01 09:19:23
1164,3.617316567636161,2013-01-01 09:19:24
1165,1.1941992031401616,2013-01-01 09:19:25
1166,0.7263215007833161,2013-01-01 09:19:26
1167,-0.0170767165287804,2013-01-01 09:19:27
1168,2.000000000000649,2013-01-01 09:19:28
1169,2.0170767165286,2013-01-01 09:19:29
1170,3.2736784992158823,2013-01-01 09:19:30
1171,7.805800796859487,2013-01-01 09:19:31
1172,1.3826834323647703,2013-01-01 09:19:32
1173,1.6335948552568211,2013-01-01 09:19:33
1174,3.4614236065107207,2013-01-01 09:19:34
1175,2.3874987056929875,2013-01-01 09:19:35
1176,0.29289321881396635,2013-01-01 09:19:36
1177,3.5192994273056115,2013-01-01 09:19:37
1178,5.262677014206913,2013-01-01 09:19:38
1179,2.033060803220873,2013-01-01 09:19:39
1180,6.923879532511105,2013-01-01 09:19:40
1181,-0.45248279568529814,2013-01-01 09:19:41
1182,1.5120164591701477,2013-01-01 09:19:42
1183,4.844306114272023,2013-01-01 09:19:43
1184,2.9999999999987264,2013-01-01 09:19:44
1185,-1.3903270209974994,2013-01-01 09:19:45
1186,19.0,2013-01-01 09:19:46
1187,3.3952762693372955,2013-01-01 09:19:47
1188,2.923879532511253,2013-01-01 09:19:48
1189,4.880819868243512,2013-01-01 09:19:49
1190,4.848463451832489,2013-01-01 09:19:50
1191,3.2846662920356486,2013-01-01 09:19:51
1192,4.292893218814125,2013-01-01 09:19:52
1193,-1.377868159037017,2013-01-01 09:19:53
1194,2.875637168882351,2013-01-01 09:19:54
1195,-0.21416420976576878,2013-01-01 09:19:55
1196,1.3826834323652164,2013-01-01 09:19:56
1197,0.9580417318370438,2013-01-01 09:19:57
1198,5.687892061589267,2013-01-01 09:19:58
1199,1.2517098517983158,2013-01-01 09:19:59
